{"cameraMode":{"drawMode":0,"name":"Shaded","section":"Shading Mode"},"sceneLighting":true,"audioPlay":false,"sceneViewState":{"m_AlwaysRefresh":false,"showFog":true,"showSkybox":true,"showFlares":true,"showImageEffects":true,"showParticleSystems":true,"showVisualEffectGraphs":true,"m_FxEnabled":true},"in2DMode":false,"pivot":{"x":1.0610074996948243,"y":-3.2331578731536867,"z":-3.4171509742736818},"rotation":{"x":-0.28507348895072939,"y":-0.06693421304225922,"z":0.019959013909101487,"w":-0.955962598323822},"size":9.293824195861817,"orthographic":false}