{"cameraMode":{"drawMode":0,"name":"Shaded","section":"Shading Mode"},"sceneLighting":true,"audioPlay":false,"sceneViewState":{"m_AlwaysRefresh":false,"showFog":true,"showSkybox":true,"showFlares":true,"showImageEffects":true,"showParticleSystems":true,"showVisualEffectGraphs":true,"m_FxEnabled":true},"in2DMode":false,"pivot":{"x":7.2223052978515629,"y":6.879464149475098,"z":-6.919631481170654},"rotation":{"x":0.060396529734134677,"y":0.8836885690689087,"z":-0.11895671486854553,"w":0.4486626088619232},"size":0.16618387401103974,"orthographic":false}