{"cameraMode":{"drawMode":0,"name":"Shaded","section":"Shading Mode"},"sceneLighting":true,"audioPlay":false,"sceneViewState":{"m_AlwaysRefresh":false,"showFog":true,"showSkybox":true,"showFlares":true,"showImageEffects":true,"showParticleSystems":true,"showVisualEffectGraphs":true,"m_FxEnabled":true},"in2DMode":false,"pivot":{"x":-3.5260813236236574,"y":1.708377480506897,"z":-0.18380413949489594},"rotation":{"x":0.03488890454173088,"y":0.823610782623291,"z":-0.050976675003767017,"w":0.5638227462768555},"size":3.5675432682037355,"orthographic":false}